,knn,tree,tree_max_depth,mlp,mlp_max_iter,mlp_scale,mlp_scale_max_itrs
TRAIN,0.7916666666666666,1.0,0.7725694444444444,0.7447916666666666,0.7847222222222222,0.7951388888888888,0.8211805555555556
TEST,0.7760416666666666,0.7135416666666666,0.7395833333333334,0.7604166666666666,0.7552083333333334,0.8072916666666666,0.8125
